x,dx,y,dy
0,0.1,12,1
1,0.1,38.63406472,2
2,0.1,60.54899696,3
3,0.1,80.2322935,4
4,0.1,96.61286243,5
5,0.1,111.5944918,6
6,0.1,120.3410955,7
7,0.1,128.3337618,8
8,0.1,132.240808,9
9,0.1,142.2139047,10
10,0.1,143.6563801,11
11,0.1,143.9589525,12
12,0.1,120.9295416,13
13,0.1,125.6098356,14
14,0.1,110.3286984,15
15,0.1,96.00531203,16
16,0.1,72.73827187,17
17,0.1,44.92688347,18
18,0.1,13.78736574,19
19,0.1,10.23042452,20
20,0.1,-19.27321626,21
